content,from,label
We've noticed suspicious activity. Secure your account by clicking here.,security@unknown.com,phishing
Congratulations! You have won a prize! Click here to claim it.,security@unknown.com,phishing
Claim your reward by clicking on this link.,verify@phish.com,phishing
"You’ve been selected for an exclusive offer! Don’t miss out, click here.",alerts@phishingsite.com,phishing
Your account is suspended! Please verify your information immediately.,support@unknown.com,phishing
Urgent! We have detected suspicious activity on your account. Click here to secure it now.,security@unknown.com,phishing
Congratulations! You have won a prize! Click here to claim it.,security@unknown.com,phishing
Urgent! We have detected suspicious activity on your account. Click here to secure it now.,alerts@phishingsite.com,phishing
Congratulations! You have won a prize! Click here to claim it.,verify@phish.com,phishing
Immediate action required: Your account has been compromised.,verify@phish.com,phishing
Claim your reward by clicking on this link.,alerts@phishingsite.com,phishing
We've noticed suspicious activity. Secure your account by clicking here.,security@unknown.com,phishing
Congratulations! You have won a prize! Click here to claim it.,support@unknown.com,phishing
Immediate action required: Your account has been compromised.,support@unknown.com,phishing
We've noticed suspicious activity. Secure your account by clicking here.,security@unknown.com,phishing
Urgent! We have detected suspicious activity on your account. Click here to secure it now.,support@unknown.com,phishing
Urgent! We have detected suspicious activity on your account. Click here to secure it now.,support@unknown.com,phishing
"You’ve been selected for an exclusive offer! Don’t miss out, click here.",alerts@phishingsite.com,phishing
Important: Account verification needed. Failure to verify may result in suspension.,support@unknown.com,phishing
Congratulations! You have won a prize! Click here to claim it.,support@unknown.com,phishing
We've noticed suspicious activity. Secure your account by clicking here.,security@unknown.com,phishing
Congratulations! You have won a prize! Click here to claim it.,security@unknown.com,phishing
Immediate action required: Your account has been compromised.,security@unknown.com,phishing
Important: Account verification needed. Failure to verify may result in suspension.,alerts@phishingsite.com,phishing
Claim your reward by clicking on this link.,alerts@phishingsite.com,phishing
Urgent! We have detected suspicious activity on your account. Click here to secure it now.,support@unknown.com,phishing
"You’ve been selected for an exclusive offer! Don’t miss out, click here.",alerts@phishingsite.com,phishing
We've noticed suspicious activity. Secure your account by clicking here.,security@unknown.com,phishing
We've noticed suspicious activity. Secure your account by clicking here.,alerts@phishingsite.com,phishing
"You’ve been selected for an exclusive offer! Don’t miss out, click here.",security@unknown.com,phishing
Congratulations! You have won a prize! Click here to claim it.,verify@phish.com,phishing
Claim your reward by clicking on this link.,security@unknown.com,phishing
Important: Account verification needed. Failure to verify may result in suspension.,security@unknown.com,phishing
Congratulations! You have won a prize! Click here to claim it.,alerts@phishingsite.com,phishing
Urgent! We have detected suspicious activity on your account. Click here to secure it now.,support@unknown.com,phishing
We've noticed suspicious activity. Secure your account by clicking here.,security@unknown.com,phishing
"You’ve been selected for an exclusive offer! Don’t miss out, click here.",verify@phish.com,phishing
Claim your reward by clicking on this link.,support@unknown.com,phishing
We've noticed suspicious activity. Secure your account by clicking here.,alerts@phishingsite.com,phishing
Immediate action required: Your account has been compromised.,security@unknown.com,phishing
Claim your reward by clicking on this link.,alerts@phishingsite.com,phishing
We've noticed suspicious activity. Secure your account by clicking here.,verify@phish.com,phishing
"You’ve been selected for an exclusive offer! Don’t miss out, click here.",support@unknown.com,phishing
Urgent! We have detected suspicious activity on your account. Click here to secure it now.,alerts@phishingsite.com,phishing
Claim your reward by clicking on this link.,security@unknown.com,phishing
Immediate action required: Your account has been compromised.,security@unknown.com,phishing
Urgent! We have detected suspicious activity on your account. Click here to secure it now.,verify@phish.com,phishing
"You’ve been selected for an exclusive offer! Don’t miss out, click here.",alerts@phishingsite.com,phishing
We've noticed suspicious activity. Secure your account by clicking here.,security@unknown.com,phishing
Important: Account verification needed. Failure to verify may result in suspension.,support@unknown.com,phishing
Immediate action required: Your account has been compromised.,security@unknown.com,phishing
Immediate action required: Your account has been compromised.,security@unknown.com,phishing
Urgent! We have detected suspicious activity on your account. Click here to secure it now.,support@unknown.com,phishing
Immediate action required: Your account has been compromised.,verify@phish.com,phishing
Immediate action required: Your account has been compromised.,security@unknown.com,phishing
Congratulations! You have won a prize! Click here to claim it.,verify@phish.com,phishing
Congratulations! You have won a prize! Click here to claim it.,verify@phish.com,phishing
Immediate action required: Your account has been compromised.,support@unknown.com,phishing
We've noticed suspicious activity. Secure your account by clicking here.,verify@phish.com,phishing
Important: Account verification needed. Failure to verify may result in suspension.,security@unknown.com,phishing
"You’ve been selected for an exclusive offer! Don’t miss out, click here.",security@unknown.com,phishing
We've noticed suspicious activity. Secure your account by clicking here.,alerts@phishingsite.com,phishing
Claim your reward by clicking on this link.,alerts@phishingsite.com,phishing
We've noticed suspicious activity. Secure your account by clicking here.,verify@phish.com,phishing
Congratulations! You have won a prize! Click here to claim it.,security@unknown.com,phishing
Congratulations! You have won a prize! Click here to claim it.,support@unknown.com,phishing
Your account is suspended! Please verify your information immediately.,support@unknown.com,phishing
Claim your reward by clicking on this link.,security@unknown.com,phishing
We've noticed suspicious activity. Secure your account by clicking here.,alerts@phishingsite.com,phishing
Your account is suspended! Please verify your information immediately.,security@unknown.com,phishing
Important: Account verification needed. Failure to verify may result in suspension.,security@unknown.com,phishing
Urgent! We have detected suspicious activity on your account. Click here to secure it now.,verify@phish.com,phishing
Your account is suspended! Please verify your information immediately.,security@unknown.com,phishing
Immediate action required: Your account has been compromised.,security@unknown.com,phishing
We've noticed suspicious activity. Secure your account by clicking here.,support@unknown.com,phishing
Congratulations! You have won a prize! Click here to claim it.,alerts@phishingsite.com,phishing
Your account is suspended! Please verify your information immediately.,support@unknown.com,phishing
Congratulations! You have won a prize! Click here to claim it.,verify@phish.com,phishing
Congratulations! You have won a prize! Click here to claim it.,verify@phish.com,phishing
We've noticed suspicious activity. Secure your account by clicking here.,alerts@phishingsite.com,phishing
Important: Account verification needed. Failure to verify may result in suspension.,security@unknown.com,phishing
We've noticed suspicious activity. Secure your account by clicking here.,verify@phish.com,phishing
Important: Account verification needed. Failure to verify may result in suspension.,support@unknown.com,phishing
Congratulations! You have won a prize! Click here to claim it.,support@unknown.com,phishing
Claim your reward by clicking on this link.,verify@phish.com,phishing
Your account is suspended! Please verify your information immediately.,alerts@phishingsite.com,phishing
Congratulations! You have won a prize! Click here to claim it.,security@unknown.com,phishing
Congratulations! You have won a prize! Click here to claim it.,support@unknown.com,phishing
Immediate action required: Your account has been compromised.,verify@phish.com,phishing
Urgent! We have detected suspicious activity on your account. Click here to secure it now.,alerts@phishingsite.com,phishing
Urgent! We have detected suspicious activity on your account. Click here to secure it now.,security@unknown.com,phishing
We've noticed suspicious activity. Secure your account by clicking here.,verify@phish.com,phishing
Important: Account verification needed. Failure to verify may result in suspension.,security@unknown.com,phishing
Immediate action required: Your account has been compromised.,alerts@phishingsite.com,phishing
Important: Account verification needed. Failure to verify may result in suspension.,verify@phish.com,phishing
Claim your reward by clicking on this link.,verify@phish.com,phishing
Urgent! We have detected suspicious activity on your account. Click here to secure it now.,verify@phish.com,phishing
Your account is suspended! Please verify your information immediately.,security@unknown.com,phishing
We've noticed suspicious activity. Secure your account by clicking here.,verify@phish.com,phishing
"You’ve been selected for an exclusive offer! Don’t miss out, click here.",support@unknown.com,phishing
Claim your reward by clicking on this link.,verify@phish.com,phishing
Immediate action required: Your account has been compromised.,security@unknown.com,phishing
Urgent! We have detected suspicious activity on your account. Click here to secure it now.,alerts@phishingsite.com,phishing
We've noticed suspicious activity. Secure your account by clicking here.,support@unknown.com,phishing
Urgent! We have detected suspicious activity on your account. Click here to secure it now.,support@unknown.com,phishing
Urgent! We have detected suspicious activity on your account. Click here to secure it now.,alerts@phishingsite.com,phishing
We've noticed suspicious activity. Secure your account by clicking here.,support@unknown.com,phishing
Claim your reward by clicking on this link.,verify@phish.com,phishing
Urgent! We have detected suspicious activity on your account. Click here to secure it now.,support@unknown.com,phishing
"You’ve been selected for an exclusive offer! Don’t miss out, click here.",security@unknown.com,phishing
Congratulations! You have won a prize! Click here to claim it.,support@unknown.com,phishing
Urgent! We have detected suspicious activity on your account. Click here to secure it now.,verify@phish.com,phishing
Immediate action required: Your account has been compromised.,alerts@phishingsite.com,phishing
"You’ve been selected for an exclusive offer! Don’t miss out, click here.",verify@phish.com,phishing
Immediate action required: Your account has been compromised.,security@unknown.com,phishing
Congratulations! You have won a prize! Click here to claim it.,security@unknown.com,phishing
Your account is suspended! Please verify your information immediately.,verify@phish.com,phishing
Your account is suspended! Please verify your information immediately.,verify@phish.com,phishing
Urgent! We have detected suspicious activity on your account. Click here to secure it now.,alerts@phishingsite.com,phishing
We've noticed suspicious activity. Secure your account by clicking here.,support@unknown.com,phishing
Immediate action required: Your account has been compromised.,verify@phish.com,phishing
Claim your reward by clicking on this link.,support@unknown.com,phishing
Important: Account verification needed. Failure to verify may result in suspension.,security@unknown.com,phishing
Your account is suspended! Please verify your information immediately.,support@unknown.com,phishing
"You’ve been selected for an exclusive offer! Don’t miss out, click here.",support@unknown.com,phishing
We've noticed suspicious activity. Secure your account by clicking here.,security@unknown.com,phishing
Your account is suspended! Please verify your information immediately.,verify@phish.com,phishing
Immediate action required: Your account has been compromised.,support@unknown.com,phishing
Claim your reward by clicking on this link.,verify@phish.com,phishing
Urgent! We have detected suspicious activity on your account. Click here to secure it now.,support@unknown.com,phishing
Urgent! We have detected suspicious activity on your account. Click here to secure it now.,verify@phish.com,phishing
Important: Account verification needed. Failure to verify may result in suspension.,alerts@phishingsite.com,phishing
We've noticed suspicious activity. Secure your account by clicking here.,support@unknown.com,phishing
Important: Account verification needed. Failure to verify may result in suspension.,support@unknown.com,phishing
We've noticed suspicious activity. Secure your account by clicking here.,security@unknown.com,phishing
"You’ve been selected for an exclusive offer! Don’t miss out, click here.",alerts@phishingsite.com,phishing
"You’ve been selected for an exclusive offer! Don’t miss out, click here.",alerts@phishingsite.com,phishing
We've noticed suspicious activity. Secure your account by clicking here.,security@unknown.com,phishing
Your account is suspended! Please verify your information immediately.,alerts@phishingsite.com,phishing
Important: Account verification needed. Failure to verify may result in suspension.,support@unknown.com,phishing
Claim your reward by clicking on this link.,support@unknown.com,phishing
"You’ve been selected for an exclusive offer! Don’t miss out, click here.",alerts@phishingsite.com,phishing
Important: Account verification needed. Failure to verify may result in suspension.,verify@phish.com,phishing
We've noticed suspicious activity. Secure your account by clicking here.,support@unknown.com,phishing
We've noticed suspicious activity. Secure your account by clicking here.,security@unknown.com,phishing
Urgent! We have detected suspicious activity on your account. Click here to secure it now.,alerts@phishingsite.com,phishing
"You’ve been selected for an exclusive offer! Don’t miss out, click here.",security@unknown.com,phishing
"You’ve been selected for an exclusive offer! Don’t miss out, click here.",alerts@phishingsite.com,phishing
Your account is suspended! Please verify your information immediately.,alerts@phishingsite.com,phishing
Urgent! We have detected suspicious activity on your account. Click here to secure it now.,support@unknown.com,phishing
Important: Account verification needed. Failure to verify may result in suspension.,support@unknown.com,phishing
Important: Account verification needed. Failure to verify may result in suspension.,verify@phish.com,phishing
Claim your reward by clicking on this link.,verify@phish.com,phishing
Your account is suspended! Please verify your information immediately.,alerts@phishingsite.com,phishing
Important: Account verification needed. Failure to verify may result in suspension.,security@unknown.com,phishing
Your account is suspended! Please verify your information immediately.,verify@phish.com,phishing
Important: Account verification needed. Failure to verify may result in suspension.,security@unknown.com,phishing
Claim your reward by clicking on this link.,verify@phish.com,phishing
Urgent! We have detected suspicious activity on your account. Click here to secure it now.,support@unknown.com,phishing
Immediate action required: Your account has been compromised.,security@unknown.com,phishing
Claim your reward by clicking on this link.,verify@phish.com,phishing
We've noticed suspicious activity. Secure your account by clicking here.,security@unknown.com,phishing
Your account is suspended! Please verify your information immediately.,alerts@phishingsite.com,phishing
Important: Account verification needed. Failure to verify may result in suspension.,support@unknown.com,phishing
Immediate action required: Your account has been compromised.,verify@phish.com,phishing
Urgent! We have detected suspicious activity on your account. Click here to secure it now.,verify@phish.com,phishing
Congratulations! You have won a prize! Click here to claim it.,alerts@phishingsite.com,phishing
Congratulations! You have won a prize! Click here to claim it.,alerts@phishingsite.com,phishing
Immediate action required: Your account has been compromised.,alerts@phishingsite.com,phishing
Immediate action required: Your account has been compromised.,alerts@phishingsite.com,phishing
"You’ve been selected for an exclusive offer! Don’t miss out, click here.",support@unknown.com,phishing
Your account is suspended! Please verify your information immediately.,verify@phish.com,phishing
Urgent! We have detected suspicious activity on your account. Click here to secure it now.,verify@phish.com,phishing
Claim your reward by clicking on this link.,security@unknown.com,phishing
Congratulations! You have won a prize! Click here to claim it.,verify@phish.com,phishing
Urgent! We have detected suspicious activity on your account. Click here to secure it now.,security@unknown.com,phishing
Claim your reward by clicking on this link.,verify@phish.com,phishing
Your account is suspended! Please verify your information immediately.,alerts@phishingsite.com,phishing
Important: Account verification needed. Failure to verify may result in suspension.,support@unknown.com,phishing
Congratulations! You have won a prize! Click here to claim it.,verify@phish.com,phishing
"You’ve been selected for an exclusive offer! Don’t miss out, click here.",support@unknown.com,phishing
Claim your reward by clicking on this link.,verify@phish.com,phishing
Congratulations! You have won a prize! Click here to claim it.,alerts@phishingsite.com,phishing
Claim your reward by clicking on this link.,alerts@phishingsite.com,phishing
We've noticed suspicious activity. Secure your account by clicking here.,security@unknown.com,phishing
Your account is suspended! Please verify your information immediately.,alerts@phishingsite.com,phishing
Claim your reward by clicking on this link.,support@unknown.com,phishing
Your account is suspended! Please verify your information immediately.,verify@phish.com,phishing
Immediate action required: Your account has been compromised.,alerts@phishingsite.com,phishing
Immediate action required: Your account has been compromised.,verify@phish.com,phishing
Congratulations! You have won a prize! Click here to claim it.,alerts@phishingsite.com,phishing
Your account is suspended! Please verify your information immediately.,verify@phish.com,phishing
Important: Account verification needed. Failure to verify may result in suspension.,support@unknown.com,phishing
"You’ve been selected for an exclusive offer! Don’t miss out, click here.",security@unknown.com,phishing
Immediate action required: Your account has been compromised.,alerts@phishingsite.com,phishing
"You’ve been selected for an exclusive offer! Don’t miss out, click here.",verify@phish.com,phishing
We've noticed suspicious activity. Secure your account by clicking here.,alerts@phishingsite.com,phishing
Important: Account verification needed. Failure to verify may result in suspension.,verify@phish.com,phishing
Your account is suspended! Please verify your information immediately.,support@unknown.com,phishing
Claim your reward by clicking on this link.,alerts@phishingsite.com,phishing
Immediate action required: Your account has been compromised.,alerts@phishingsite.com,phishing
Congratulations! You have won a prize! Click here to claim it.,support@unknown.com,phishing
"You’ve been selected for an exclusive offer! Don’t miss out, click here.",support@unknown.com,phishing
Your account is suspended! Please verify your information immediately.,support@unknown.com,phishing
Congratulations! You have won a prize! Click here to claim it.,security@unknown.com,phishing
"You’ve been selected for an exclusive offer! Don’t miss out, click here.",support@unknown.com,phishing
We've noticed suspicious activity. Secure your account by clicking here.,support@unknown.com,phishing
Congratulations! You have won a prize! Click here to claim it.,support@unknown.com,phishing
We've noticed suspicious activity. Secure your account by clicking here.,security@unknown.com,phishing
We've noticed suspicious activity. Secure your account by clicking here.,alerts@phishingsite.com,phishing
Claim your reward by clicking on this link.,support@unknown.com,phishing
Your account is suspended! Please verify your information immediately.,alerts@phishingsite.com,phishing
"You’ve been selected for an exclusive offer! Don’t miss out, click here.",security@unknown.com,phishing
Immediate action required: Your account has been compromised.,security@unknown.com,phishing
Congratulations! You have won a prize! Click here to claim it.,verify@phish.com,phishing
Immediate action required: Your account has been compromised.,security@unknown.com,phishing
Important: Account verification needed. Failure to verify may result in suspension.,verify@phish.com,phishing
We've noticed suspicious activity. Secure your account by clicking here.,alerts@phishingsite.com,phishing
Congratulations! You have won a prize! Click here to claim it.,security@unknown.com,phishing
Claim your reward by clicking on this link.,security@unknown.com,phishing
Important: Account verification needed. Failure to verify may result in suspension.,verify@phish.com,phishing
Claim your reward by clicking on this link.,alerts@phishingsite.com,phishing
"You’ve been selected for an exclusive offer! Don’t miss out, click here.",alerts@phishingsite.com,phishing
Immediate action required: Your account has been compromised.,alerts@phishingsite.com,phishing
"You’ve been selected for an exclusive offer! Don’t miss out, click here.",verify@phish.com,phishing
Your account is suspended! Please verify your information immediately.,support@unknown.com,phishing
Claim your reward by clicking on this link.,support@unknown.com,phishing
Urgent! We have detected suspicious activity on your account. Click here to secure it now.,verify@phish.com,phishing
Immediate action required: Your account has been compromised.,alerts@phishingsite.com,phishing
Your account is suspended! Please verify your information immediately.,support@unknown.com,phishing
Important: Account verification needed. Failure to verify may result in suspension.,verify@phish.com,phishing
Claim your reward by clicking on this link.,alerts@phishingsite.com,phishing
We've noticed suspicious activity. Secure your account by clicking here.,alerts@phishingsite.com,phishing
"You’ve been selected for an exclusive offer! Don’t miss out, click here.",support@unknown.com,phishing
Immediate action required: Your account has been compromised.,alerts@phishingsite.com,phishing
Important: Account verification needed. Failure to verify may result in suspension.,alerts@phishingsite.com,phishing
Congratulations! You have won a prize! Click here to claim it.,alerts@phishingsite.com,phishing
Immediate action required: Your account has been compromised.,verify@phish.com,phishing
"You’ve been selected for an exclusive offer! Don’t miss out, click here.",alerts@phishingsite.com,phishing
Immediate action required: Your account has been compromised.,alerts@phishingsite.com,phishing
Claim your reward by clicking on this link.,support@unknown.com,phishing
Immediate action required: Your account has been compromised.,alerts@phishingsite.com,phishing
We've noticed suspicious activity. Secure your account by clicking here.,alerts@phishingsite.com,phishing
Urgent! We have detected suspicious activity on your account. Click here to secure it now.,support@unknown.com,phishing
Claim your reward by clicking on this link.,security@unknown.com,phishing
Congratulations! You have won a prize! Click here to claim it.,support@unknown.com,phishing
Your account is suspended! Please verify your information immediately.,verify@phish.com,phishing
Urgent! We have detected suspicious activity on your account. Click here to secure it now.,support@unknown.com,phishing
Urgent! We have detected suspicious activity on your account. Click here to secure it now.,security@unknown.com,phishing
"You’ve been selected for an exclusive offer! Don’t miss out, click here.",support@unknown.com,phishing
Here's a quick update on our services and offerings.,updates@service.com,non-phishing
We are thrilled to share the latest updates with you. Check out our blog.,billing@store.com,non-phishing
We appreciate your feedback on our recent survey.,info@newsletter.com,non-phishing
We appreciate your feedback on our recent survey.,updates@service.com,non-phishing
Family vacation photos from last summer are attached. Hope you enjoy them!,billing@store.com,non-phishing
Thank you for your recent purchase. Your invoice is attached.,updates@service.com,non-phishing
Family vacation photos from last summer are attached. Hope you enjoy them!,billing@store.com,non-phishing
Please find the meeting agenda attached. Looking forward to your input.,updates@service.com,non-phishing
Family vacation photos from last summer are attached. Hope you enjoy them!,updates@service.com,non-phishing
Here's our monthly newsletter. Stay updated with the latest news from our team.,updates@service.com,non-phishing
Friendly reminder: Upcoming team building event this Friday!,info@newsletter.com,non-phishing
Thank you for your recent purchase. Your invoice is attached.,info@newsletter.com,non-phishing
Please find the meeting agenda attached. Looking forward to your input.,info@newsletter.com,non-phishing
We appreciate your feedback on our recent survey.,hr@company.com,non-phishing
We appreciate your feedback on our recent survey.,info@newsletter.com,non-phishing
Please find the meeting agenda attached. Looking forward to your input.,updates@service.com,non-phishing
We appreciate your feedback on our recent survey.,billing@store.com,non-phishing
Here's a quick update on our services and offerings.,updates@service.com,non-phishing
Here's our monthly newsletter. Stay updated with the latest news from our team.,info@newsletter.com,non-phishing
Thank you for your recent purchase. Your invoice is attached.,hr@company.com,non-phishing
Thank you for your recent purchase. Your invoice is attached.,updates@service.com,non-phishing
Here's a quick update on our services and offerings.,billing@store.com,non-phishing
We are thrilled to share the latest updates with you. Check out our blog.,info@newsletter.com,non-phishing
Family vacation photos from last summer are attached. Hope you enjoy them!,billing@store.com,non-phishing
Family vacation photos from last summer are attached. Hope you enjoy them!,hr@company.com,non-phishing
Please find the meeting agenda attached. Looking forward to your input.,info@newsletter.com,non-phishing
Friendly reminder: Upcoming team building event this Friday!,hr@company.com,non-phishing
Here's a quick update on our services and offerings.,hr@company.com,non-phishing
Here's a quick update on our services and offerings.,info@newsletter.com,non-phishing
Here's a quick update on our services and offerings.,updates@service.com,non-phishing
Please find the meeting agenda attached. Looking forward to your input.,hr@company.com,non-phishing
Thank you for your recent purchase. Your invoice is attached.,info@newsletter.com,non-phishing
We appreciate your feedback on our recent survey.,info@newsletter.com,non-phishing
Friendly reminder: Upcoming team building event this Friday!,info@newsletter.com,non-phishing
Please find the meeting agenda attached. Looking forward to your input.,billing@store.com,non-phishing
We appreciate your feedback on our recent survey.,updates@service.com,non-phishing
We appreciate your feedback on our recent survey.,billing@store.com,non-phishing
Thank you for your recent purchase. Your invoice is attached.,info@newsletter.com,non-phishing
We are thrilled to share the latest updates with you. Check out our blog.,updates@service.com,non-phishing
Here's our monthly newsletter. Stay updated with the latest news from our team.,hr@company.com,non-phishing
We appreciate your feedback on our recent survey.,billing@store.com,non-phishing
We are thrilled to share the latest updates with you. Check out our blog.,billing@store.com,non-phishing
Friendly reminder: Upcoming team building event this Friday!,hr@company.com,non-phishing
Thank you for your recent purchase. Your invoice is attached.,billing@store.com,non-phishing
Friendly reminder: Upcoming team building event this Friday!,hr@company.com,non-phishing
Thank you for your recent purchase. Your invoice is attached.,billing@store.com,non-phishing
We are thrilled to share the latest updates with you. Check out our blog.,updates@service.com,non-phishing
Family vacation photos from last summer are attached. Hope you enjoy them!,hr@company.com,non-phishing
Thank you for your recent purchase. Your invoice is attached.,hr@company.com,non-phishing
Family vacation photos from last summer are attached. Hope you enjoy them!,hr@company.com,non-phishing
Thank you for your recent purchase. Your invoice is attached.,updates@service.com,non-phishing
Thank you for your recent purchase. Your invoice is attached.,hr@company.com,non-phishing
We are thrilled to share the latest updates with you. Check out our blog.,billing@store.com,non-phishing
Here's our monthly newsletter. Stay updated with the latest news from our team.,info@newsletter.com,non-phishing
Please find the meeting agenda attached. Looking forward to your input.,updates@service.com,non-phishing
Thank you for your recent purchase. Your invoice is attached.,billing@store.com,non-phishing
Friendly reminder: Upcoming team building event this Friday!,billing@store.com,non-phishing
Thank you for your recent purchase. Your invoice is attached.,info@newsletter.com,non-phishing
Thank you for your recent purchase. Your invoice is attached.,billing@store.com,non-phishing
Here's our monthly newsletter. Stay updated with the latest news from our team.,billing@store.com,non-phishing
Please find the meeting agenda attached. Looking forward to your input.,info@newsletter.com,non-phishing
Thank you for your recent purchase. Your invoice is attached.,hr@company.com,non-phishing
We are thrilled to share the latest updates with you. Check out our blog.,billing@store.com,non-phishing
Friendly reminder: Upcoming team building event this Friday!,info@newsletter.com,non-phishing
We are thrilled to share the latest updates with you. Check out our blog.,updates@service.com,non-phishing
Thank you for your recent purchase. Your invoice is attached.,billing@store.com,non-phishing
Here's our monthly newsletter. Stay updated with the latest news from our team.,info@newsletter.com,non-phishing
Please find the meeting agenda attached. Looking forward to your input.,info@newsletter.com,non-phishing
We appreciate your feedback on our recent survey.,billing@store.com,non-phishing
Friendly reminder: Upcoming team building event this Friday!,hr@company.com,non-phishing
Family vacation photos from last summer are attached. Hope you enjoy them!,updates@service.com,non-phishing
Here's our monthly newsletter. Stay updated with the latest news from our team.,updates@service.com,non-phishing
We appreciate your feedback on our recent survey.,updates@service.com,non-phishing
Please find the meeting agenda attached. Looking forward to your input.,info@newsletter.com,non-phishing
Family vacation photos from last summer are attached. Hope you enjoy them!,billing@store.com,non-phishing
Friendly reminder: Upcoming team building event this Friday!,billing@store.com,non-phishing
Here's a quick update on our services and offerings.,updates@service.com,non-phishing
Family vacation photos from last summer are attached. Hope you enjoy them!,hr@company.com,non-phishing
Thank you for your recent purchase. Your invoice is attached.,billing@store.com,non-phishing
We are thrilled to share the latest updates with you. Check out our blog.,updates@service.com,non-phishing
Please find the meeting agenda attached. Looking forward to your input.,updates@service.com,non-phishing
Here's a quick update on our services and offerings.,updates@service.com,non-phishing
We appreciate your feedback on our recent survey.,info@newsletter.com,non-phishing
Family vacation photos from last summer are attached. Hope you enjoy them!,updates@service.com,non-phishing
Thank you for your recent purchase. Your invoice is attached.,billing@store.com,non-phishing
Here's our monthly newsletter. Stay updated with the latest news from our team.,billing@store.com,non-phishing
Family vacation photos from last summer are attached. Hope you enjoy them!,info@newsletter.com,non-phishing
Thank you for your recent purchase. Your invoice is attached.,updates@service.com,non-phishing
Here's a quick update on our services and offerings.,hr@company.com,non-phishing
Family vacation photos from last summer are attached. Hope you enjoy them!,updates@service.com,non-phishing
Here's a quick update on our services and offerings.,updates@service.com,non-phishing
We are thrilled to share the latest updates with you. Check out our blog.,info@newsletter.com,non-phishing
Here's our monthly newsletter. Stay updated with the latest news from our team.,info@newsletter.com,non-phishing
Here's a quick update on our services and offerings.,hr@company.com,non-phishing
We are thrilled to share the latest updates with you. Check out our blog.,billing@store.com,non-phishing
We are thrilled to share the latest updates with you. Check out our blog.,hr@company.com,non-phishing
Here's a quick update on our services and offerings.,billing@store.com,non-phishing
Friendly reminder: Upcoming team building event this Friday!,info@newsletter.com,non-phishing
Here's our monthly newsletter. Stay updated with the latest news from our team.,hr@company.com,non-phishing
We are thrilled to share the latest updates with you. Check out our blog.,hr@company.com,non-phishing
We are thrilled to share the latest updates with you. Check out our blog.,hr@company.com,non-phishing
Here's a quick update on our services and offerings.,info@newsletter.com,non-phishing
Here's our monthly newsletter. Stay updated with the latest news from our team.,hr@company.com,non-phishing
Thank you for your recent purchase. Your invoice is attached.,billing@store.com,non-phishing
Thank you for your recent purchase. Your invoice is attached.,updates@service.com,non-phishing
We are thrilled to share the latest updates with you. Check out our blog.,hr@company.com,non-phishing
Here's our monthly newsletter. Stay updated with the latest news from our team.,billing@store.com,non-phishing
Friendly reminder: Upcoming team building event this Friday!,billing@store.com,non-phishing
Family vacation photos from last summer are attached. Hope you enjoy them!,billing@store.com,non-phishing
Here's a quick update on our services and offerings.,info@newsletter.com,non-phishing
Please find the meeting agenda attached. Looking forward to your input.,billing@store.com,non-phishing
Family vacation photos from last summer are attached. Hope you enjoy them!,updates@service.com,non-phishing
We are thrilled to share the latest updates with you. Check out our blog.,hr@company.com,non-phishing
Here's our monthly newsletter. Stay updated with the latest news from our team.,hr@company.com,non-phishing
Family vacation photos from last summer are attached. Hope you enjoy them!,info@newsletter.com,non-phishing
Friendly reminder: Upcoming team building event this Friday!,updates@service.com,non-phishing
Here's a quick update on our services and offerings.,info@newsletter.com,non-phishing
Here's a quick update on our services and offerings.,billing@store.com,non-phishing
Family vacation photos from last summer are attached. Hope you enjoy them!,updates@service.com,non-phishing
We are thrilled to share the latest updates with you. Check out our blog.,info@newsletter.com,non-phishing
Family vacation photos from last summer are attached. Hope you enjoy them!,hr@company.com,non-phishing
Please find the meeting agenda attached. Looking forward to your input.,billing@store.com,non-phishing
We appreciate your feedback on our recent survey.,updates@service.com,non-phishing
We appreciate your feedback on our recent survey.,hr@company.com,non-phishing
We are thrilled to share the latest updates with you. Check out our blog.,updates@service.com,non-phishing
Family vacation photos from last summer are attached. Hope you enjoy them!,hr@company.com,non-phishing
We appreciate your feedback on our recent survey.,billing@store.com,non-phishing
Family vacation photos from last summer are attached. Hope you enjoy them!,billing@store.com,non-phishing
Please find the meeting agenda attached. Looking forward to your input.,updates@service.com,non-phishing
Friendly reminder: Upcoming team building event this Friday!,info@newsletter.com,non-phishing
Thank you for your recent purchase. Your invoice is attached.,hr@company.com,non-phishing
Friendly reminder: Upcoming team building event this Friday!,billing@store.com,non-phishing
Thank you for your recent purchase. Your invoice is attached.,updates@service.com,non-phishing
Please find the meeting agenda attached. Looking forward to your input.,hr@company.com,non-phishing
We are thrilled to share the latest updates with you. Check out our blog.,updates@service.com,non-phishing
We are thrilled to share the latest updates with you. Check out our blog.,hr@company.com,non-phishing
Thank you for your recent purchase. Your invoice is attached.,billing@store.com,non-phishing
Thank you for your recent purchase. Your invoice is attached.,updates@service.com,non-phishing
Friendly reminder: Upcoming team building event this Friday!,billing@store.com,non-phishing
We are thrilled to share the latest updates with you. Check out our blog.,info@newsletter.com,non-phishing
Please find the meeting agenda attached. Looking forward to your input.,billing@store.com,non-phishing
Please find the meeting agenda attached. Looking forward to your input.,updates@service.com,non-phishing
Family vacation photos from last summer are attached. Hope you enjoy them!,hr@company.com,non-phishing
Friendly reminder: Upcoming team building event this Friday!,billing@store.com,non-phishing
We are thrilled to share the latest updates with you. Check out our blog.,billing@store.com,non-phishing
Thank you for your recent purchase. Your invoice is attached.,billing@store.com,non-phishing
Please find the meeting agenda attached. Looking forward to your input.,updates@service.com,non-phishing
Here's a quick update on our services and offerings.,hr@company.com,non-phishing
Family vacation photos from last summer are attached. Hope you enjoy them!,info@newsletter.com,non-phishing
Here's a quick update on our services and offerings.,billing@store.com,non-phishing
We are thrilled to share the latest updates with you. Check out our blog.,updates@service.com,non-phishing
Thank you for your recent purchase. Your invoice is attached.,updates@service.com,non-phishing
We appreciate your feedback on our recent survey.,updates@service.com,non-phishing
We are thrilled to share the latest updates with you. Check out our blog.,billing@store.com,non-phishing
Friendly reminder: Upcoming team building event this Friday!,hr@company.com,non-phishing
Family vacation photos from last summer are attached. Hope you enjoy them!,hr@company.com,non-phishing
We appreciate your feedback on our recent survey.,info@newsletter.com,non-phishing
Family vacation photos from last summer are attached. Hope you enjoy them!,hr@company.com,non-phishing
Family vacation photos from last summer are attached. Hope you enjoy them!,hr@company.com,non-phishing
Family vacation photos from last summer are attached. Hope you enjoy them!,billing@store.com,non-phishing
Family vacation photos from last summer are attached. Hope you enjoy them!,updates@service.com,non-phishing
Friendly reminder: Upcoming team building event this Friday!,billing@store.com,non-phishing
We are thrilled to share the latest updates with you. Check out our blog.,info@newsletter.com,non-phishing
We appreciate your feedback on our recent survey.,hr@company.com,non-phishing
Please find the meeting agenda attached. Looking forward to your input.,billing@store.com,non-phishing
Here's a quick update on our services and offerings.,updates@service.com,non-phishing
We appreciate your feedback on our recent survey.,hr@company.com,non-phishing
Here's a quick update on our services and offerings.,hr@company.com,non-phishing
We are thrilled to share the latest updates with you. Check out our blog.,hr@company.com,non-phishing
Here's a quick update on our services and offerings.,info@newsletter.com,non-phishing
Thank you for your recent purchase. Your invoice is attached.,billing@store.com,non-phishing
We are thrilled to share the latest updates with you. Check out our blog.,hr@company.com,non-phishing
Here's our monthly newsletter. Stay updated with the latest news from our team.,hr@company.com,non-phishing
Friendly reminder: Upcoming team building event this Friday!,hr@company.com,non-phishing
Friendly reminder: Upcoming team building event this Friday!,updates@service.com,non-phishing
Friendly reminder: Upcoming team building event this Friday!,hr@company.com,non-phishing
We appreciate your feedback on our recent survey.,info@newsletter.com,non-phishing
We are thrilled to share the latest updates with you. Check out our blog.,updates@service.com,non-phishing
We are thrilled to share the latest updates with you. Check out our blog.,billing@store.com,non-phishing
We appreciate your feedback on our recent survey.,updates@service.com,non-phishing
Here's a quick update on our services and offerings.,updates@service.com,non-phishing
Family vacation photos from last summer are attached. Hope you enjoy them!,hr@company.com,non-phishing
Family vacation photos from last summer are attached. Hope you enjoy them!,updates@service.com,non-phishing
We are thrilled to share the latest updates with you. Check out our blog.,billing@store.com,non-phishing
Friendly reminder: Upcoming team building event this Friday!,hr@company.com,non-phishing
We appreciate your feedback on our recent survey.,hr@company.com,non-phishing
Family vacation photos from last summer are attached. Hope you enjoy them!,updates@service.com,non-phishing
Friendly reminder: Upcoming team building event this Friday!,billing@store.com,non-phishing
We are thrilled to share the latest updates with you. Check out our blog.,updates@service.com,non-phishing
Here's our monthly newsletter. Stay updated with the latest news from our team.,hr@company.com,non-phishing
We are thrilled to share the latest updates with you. Check out our blog.,billing@store.com,non-phishing
Thank you for your recent purchase. Your invoice is attached.,updates@service.com,non-phishing
Please find the meeting agenda attached. Looking forward to your input.,updates@service.com,non-phishing
Here's our monthly newsletter. Stay updated with the latest news from our team.,hr@company.com,non-phishing
Friendly reminder: Upcoming team building event this Friday!,updates@service.com,non-phishing
We are thrilled to share the latest updates with you. Check out our blog.,hr@company.com,non-phishing
We are thrilled to share the latest updates with you. Check out our blog.,billing@store.com,non-phishing
Thank you for your recent purchase. Your invoice is attached.,info@newsletter.com,non-phishing
We are thrilled to share the latest updates with you. Check out our blog.,billing@store.com,non-phishing
We are thrilled to share the latest updates with you. Check out our blog.,info@newsletter.com,non-phishing
Here's a quick update on our services and offerings.,info@newsletter.com,non-phishing
Here's our monthly newsletter. Stay updated with the latest news from our team.,billing@store.com,non-phishing
Family vacation photos from last summer are attached. Hope you enjoy them!,updates@service.com,non-phishing
Here's a quick update on our services and offerings.,updates@service.com,non-phishing
Thank you for your recent purchase. Your invoice is attached.,billing@store.com,non-phishing
Here's a quick update on our services and offerings.,billing@store.com,non-phishing
Here's our monthly newsletter. Stay updated with the latest news from our team.,updates@service.com,non-phishing
Family vacation photos from last summer are attached. Hope you enjoy them!,billing@store.com,non-phishing
Please find the meeting agenda attached. Looking forward to your input.,billing@store.com,non-phishing
We appreciate your feedback on our recent survey.,hr@company.com,non-phishing
Family vacation photos from last summer are attached. Hope you enjoy them!,updates@service.com,non-phishing
Family vacation photos from last summer are attached. Hope you enjoy them!,updates@service.com,non-phishing
Family vacation photos from last summer are attached. Hope you enjoy them!,hr@company.com,non-phishing
Friendly reminder: Upcoming team building event this Friday!,hr@company.com,non-phishing
Friendly reminder: Upcoming team building event this Friday!,info@newsletter.com,non-phishing
Thank you for your recent purchase. Your invoice is attached.,hr@company.com,non-phishing
Thank you for your recent purchase. Your invoice is attached.,updates@service.com,non-phishing
Here's a quick update on our services and offerings.,hr@company.com,non-phishing
Here's a quick update on our services and offerings.,hr@company.com,non-phishing
Here's our monthly newsletter. Stay updated with the latest news from our team.,billing@store.com,non-phishing
Here's a quick update on our services and offerings.,info@newsletter.com,non-phishing
Here's our monthly newsletter. Stay updated with the latest news from our team.,hr@company.com,non-phishing
Here's our monthly newsletter. Stay updated with the latest news from our team.,billing@store.com,non-phishing
Thank you for your recent purchase. Your invoice is attached.,updates@service.com,non-phishing
We appreciate your feedback on our recent survey.,hr@company.com,non-phishing
Thank you for your recent purchase. Your invoice is attached.,info@newsletter.com,non-phishing
Please find the meeting agenda attached. Looking forward to your input.,billing@store.com,non-phishing
Thank you for your recent purchase. Your invoice is attached.,billing@store.com,non-phishing
Thank you for your recent purchase. Your invoice is attached.,updates@service.com,non-phishing
We are thrilled to share the latest updates with you. Check out our blog.,billing@store.com,non-phishing
Here's a quick update on our services and offerings.,updates@service.com,non-phishing
We appreciate your feedback on our recent survey.,updates@service.com,non-phishing
We are thrilled to share the latest updates with you. Check out our blog.,hr@company.com,non-phishing
Thank you for your recent purchase. Your invoice is attached.,billing@store.com,non-phishing
Here's our monthly newsletter. Stay updated with the latest news from our team.,updates@service.com,non-phishing
Friendly reminder: Upcoming team building event this Friday!,hr@company.com,non-phishing
Friendly reminder: Upcoming team building event this Friday!,billing@store.com,non-phishing
Please find the meeting agenda attached. Looking forward to your input.,updates@service.com,non-phishing
Family vacation photos from last summer are attached. Hope you enjoy them!,billing@store.com,non-phishing
Here's a quick update on our services and offerings.,updates@service.com,non-phishing
We appreciate your feedback on our recent survey.,hr@company.com,non-phishing
Here's a quick update on our services and offerings.,billing@store.com,non-phishing
Please find the meeting agenda attached. Looking forward to your input.,info@newsletter.com,non-phishing
Family vacation photos from last summer are attached. Hope you enjoy them!,hr@company.com,non-phishing
Friendly reminder: Upcoming team building event this Friday!,updates@service.com,non-phishing
We are thrilled to share the latest updates with you. Check out our blog.,hr@company.com,non-phishing
Please find the meeting agenda attached. Looking forward to your input.,billing@store.com,non-phishing
Here's our monthly newsletter. Stay updated with the latest news from our team.,info@newsletter.com,non-phishing
Here's our monthly newsletter. Stay updated with the latest news from our team.,info@newsletter.com,non-phishing
Here's our monthly newsletter. Stay updated with the latest news from our team.,hr@company.com,non-phishing
